{"cameraMode":{"drawMode":0,"name":"Shaded","section":"Shading Mode"},"sceneLighting":false,"audioPlay":false,"sceneViewState":{"m_AlwaysRefresh":false,"showFog":true,"showSkybox":true,"showFlares":true,"showImageEffects":true,"showParticleSystems":true,"showVisualEffectGraphs":true,"m_FxEnabled":true},"in2DMode":false,"pivot":{"x":20.603193283081056,"y":2.0984740257263185,"z":19.643535614013673},"rotation":{"x":0.1885291486978531,"y":-0.22724512219429017,"z":0.044830191880464557,"w":0.9544147849082947},"size":0.9891616702079773,"orthographic":false}